TimeMode_RLAI_Machete_2022.03.31-02.41.02.csv,-878,-339
TimeMode_RLAI_Machete_2022.03.31-02.41.02.csv,-710,-352
TimeMode_RLAI_Machete_2022.03.31-02.41.02.csv,-745,-636
TimeMode_RLAI_Machete_2022.03.30-23.48.15.csv,-665,-344
TimeMode_RLAI_Machete_2022.03.30-23.48.15.csv,-520,-295
TimeMode_RLAI_Machete_2022.03.30-23.48.15.csv,-922,-312
TimeMode_RLAI_Machete_2022.03.31-02.05.48.csv,-685,-342
TimeMode_RLAI_Machete_2022.03.31-02.05.48.csv,-660,-430
TimeMode_RLAI_Machete_2022.03.31-02.05.48.csv,-753,-248
TimeMode_RLAI_Machete_2022.03.30-23.04.09.csv,-655,-313
TimeMode_RLAI_Machete_2022.03.30-23.04.09.csv,-600,-483
TimeMode_RLAI_Machete_2022.03.30-23.04.09.csv,-834,-364
TimeMode_RLAI_Machete_2022.03.31-03.44.14.csv,-751,-458
TimeMode_RLAI_Machete_2022.03.31-03.44.14.csv,-628,-360
TimeMode_RLAI_Machete_2022.03.31-03.44.14.csv,-561,-507
TimeMode_RLAI_Machete_2022.03.31-05.15.12.csv,-842,-325
TimeMode_RLAI_Machete_2022.03.31-05.15.12.csv,-709,-214
TimeMode_RLAI_Machete_2022.03.31-05.15.12.csv,-902,-277
TimeMode_RLAI_Machete_2022.03.31-02.57.05.csv,-723,-414
TimeMode_RLAI_Machete_2022.03.31-02.57.05.csv,-660,-401
TimeMode_RLAI_Machete_2022.03.31-02.57.05.csv,-797,-416
TimeMode_RLAI_Machete_2022.03.31-03.22.18.csv,-622,-254
TimeMode_RLAI_Machete_2022.03.31-03.22.18.csv,-615,-478
TimeMode_RLAI_Machete_2022.03.31-03.22.18.csv,-541,-383
TimeMode_RLAI_Machete_2022.03.31-01.27.32.csv,-547,-267
TimeMode_RLAI_Machete_2022.03.31-01.27.32.csv,-891,-404
TimeMode_RLAI_Machete_2022.03.31-01.27.32.csv,-611,-466
TimeMode_RLAI_Machete_2022.03.31-00.28.54.csv,-670,-395
TimeMode_RLAI_Machete_2022.03.31-00.28.54.csv,-563,-317
TimeMode_RLAI_Machete_2022.03.31-00.28.54.csv,-460,-262
TimeMode_RLAI_Machete_2022.03.31-04.53.12.csv,-638,-296
TimeMode_RLAI_Machete_2022.03.31-04.53.12.csv,-801,-432
TimeMode_RLAI_Machete_2022.03.31-04.53.12.csv,-775,-566
TimeMode_RLAI_Machete_2022.03.31-04.46.56.csv,-730,-321
TimeMode_RLAI_Machete_2022.03.31-04.46.56.csv,-681,-416
TimeMode_RLAI_Machete_2022.03.31-04.46.56.csv,-646,-448
TimeMode_RLAI_Machete_2022.03.31-03.37.58.csv,-673,-307
TimeMode_RLAI_Machete_2022.03.31-03.37.58.csv,-702,-365
TimeMode_RLAI_Machete_2022.03.31-03.37.58.csv,-637,-413
TimeMode_RLAI_Machete_2022.03.31-01.59.25.csv,-625,-388
TimeMode_RLAI_Machete_2022.03.31-01.59.25.csv,-815,-340
TimeMode_RLAI_Machete_2022.03.31-01.59.25.csv,-897,-374
TimeMode_RLAI_Machete_2022.03.31-05.05.46.csv,-708,-422
TimeMode_RLAI_Machete_2022.03.31-05.05.46.csv,-848,-489
TimeMode_RLAI_Machete_2022.03.31-05.05.46.csv,-796,-354
TimeMode_RLAI_Machete_2022.03.31-01.18.01.csv,-465,-336
TimeMode_RLAI_Machete_2022.03.31-01.18.01.csv,-572,-523
TimeMode_RLAI_Machete_2022.03.31-01.18.01.csv,-800,-437
TimeMode_RLAI_Machete_2022.03.31-02.12.12.csv,-930,-307
TimeMode_RLAI_Machete_2022.03.31-02.12.12.csv,-510,-404
TimeMode_RLAI_Machete_2022.03.31-02.12.12.csv,-715,-256
TimeMode_RLAI_Machete_2022.03.31-02.50.37.csv,-755,-284
TimeMode_RLAI_Machete_2022.03.31-02.50.37.csv,-610,-352
TimeMode_RLAI_Machete_2022.03.31-02.50.37.csv,-763,-420
TimeMode_RLAI_Machete_2022.03.31-00.40.52.csv,-713,-332
TimeMode_RLAI_Machete_2022.03.31-00.40.52.csv,-760,-242
TimeMode_RLAI_Machete_2022.03.31-00.40.52.csv,-620,-367
TimeMode_RLAI_Machete_2022.03.31-05.21.28.csv,-686,-564
TimeMode_RLAI_Machete_2022.03.31-05.21.28.csv,-365,-355
TimeMode_RLAI_Machete_2022.03.31-05.21.28.csv,-641,-306
TimeMode_RLAI_Machete_2022.03.31-02.25.03.csv,-657,-329
TimeMode_RLAI_Machete_2022.03.31-02.25.03.csv,-851,-509
TimeMode_RLAI_Machete_2022.03.31-02.25.03.csv,-590,-505
TimeMode_RLAI_Machete_2022.03.31-03.41.06.csv,-653,-403
TimeMode_RLAI_Machete_2022.03.31-03.41.06.csv,-684,-341
TimeMode_RLAI_Machete_2022.03.31-03.41.06.csv,-643,-559
TimeMode_RLAI_Machete_2022.03.31-03.16.02.csv,-802,-442
TimeMode_RLAI_Machete_2022.03.31-03.16.02.csv,-707,-402
TimeMode_RLAI_Machete_2022.03.31-03.16.02.csv,-1013,-222
TimeMode_RLAI_Machete_2022.03.31-04.15.35.csv,-718,-358
TimeMode_RLAI_Machete_2022.03.31-04.15.35.csv,-797,-353
TimeMode_RLAI_Machete_2022.03.31-04.15.35.csv,-624,-563
TimeMode_RLAI_Machete_2022.03.31-04.09.17.csv,-640,-554
TimeMode_RLAI_Machete_2022.03.31-04.09.17.csv,-640,-434
TimeMode_RLAI_Machete_2022.03.31-04.09.17.csv,-708,-410
TimeMode_RLAI_Machete_2022.03.31-02.28.15.csv,-610,-521
TimeMode_RLAI_Machete_2022.03.31-02.28.15.csv,-713,-481
TimeMode_RLAI_Machete_2022.03.31-02.28.15.csv,-1035,-285
TimeMode_RLAI_Machete_2022.03.31-04.06.08.csv,-772,-192
TimeMode_RLAI_Machete_2022.03.31-04.06.08.csv,-921,-405
TimeMode_RLAI_Machete_2022.03.31-04.06.08.csv,-720,-428
TimeMode_RLAI_Machete_2022.03.30-23.56.14.csv,-585,-282
TimeMode_RLAI_Machete_2022.03.30-23.56.14.csv,-655,-187
TimeMode_RLAI_Machete_2022.03.30-23.56.14.csv,-852,-350
TimeMode_RLAI_Machete_2022.03.31-02.21.51.csv,-671,-392
TimeMode_RLAI_Machete_2022.03.31-02.21.51.csv,-677,-345
TimeMode_RLAI_Machete_2022.03.31-02.21.51.csv,-671,-406
TimeMode_RLAI_Machete_2022.03.31-04.31.17.csv,-719,-273
TimeMode_RLAI_Machete_2022.03.31-04.31.17.csv,-603,-455
TimeMode_RLAI_Machete_2022.03.31-04.31.17.csv,-795,-228
TimeMode_RLAI_Machete_2022.03.31-05.24.37.csv,-895,-526
TimeMode_RLAI_Machete_2022.03.31-05.24.37.csv,-720,-419
TimeMode_RLAI_Machete_2022.03.31-05.24.37.csv,-669,-280
TimeMode_RLAI_Machete_2022.03.31-03.00.21.csv,-816,-404
TimeMode_RLAI_Machete_2022.03.31-03.00.21.csv,-767,-500
TimeMode_RLAI_Machete_2022.03.31-03.00.21.csv,-643,-485
TimeMode_RLAI_Machete_2022.03.31-04.12.26.csv,-566,-538
TimeMode_RLAI_Machete_2022.03.31-04.12.26.csv,-495,-298
TimeMode_RLAI_Machete_2022.03.31-04.12.26.csv,-921,-321
TimeMode_RLAI_Machete_2022.03.30-23.36.21.csv,-799,-485
TimeMode_RLAI_Machete_2022.03.30-23.36.21.csv,-473,-406
TimeMode_RLAI_Machete_2022.03.30-23.36.21.csv,-565,-485
TimeMode_RLAI_Machete_2022.03.30-22.54.52.csv,-743,-349
TimeMode_RLAI_Machete_2022.03.30-22.54.52.csv,-649,-314
TimeMode_RLAI_Machete_2022.03.30-22.54.52.csv,-695,-340
TimeMode_RLAI_Machete_2022.03.31-03.19.11.csv,-646,-308
TimeMode_RLAI_Machete_2022.03.31-03.19.11.csv,-625,-527
TimeMode_RLAI_Machete_2022.03.31-03.19.11.csv,-924,-319
TimeMode_RLAI_Machete_2022.03.31-04.34.25.csv,-690,-385
TimeMode_RLAI_Machete_2022.03.31-04.34.25.csv,-794,-344
TimeMode_RLAI_Machete_2022.03.31-04.34.25.csv,-714,-346
TimeMode_RLAI_Machete_2022.03.31-03.03.31.csv,-643,-396
TimeMode_RLAI_Machete_2022.03.31-03.03.31.csv,-657,-519
TimeMode_RLAI_Machete_2022.03.31-03.03.31.csv,-782,-486
TimeMode_RLAI_Machete_2022.03.31-00.33.05.csv,-728,-390
TimeMode_RLAI_Machete_2022.03.31-00.33.05.csv,-630,-437
TimeMode_RLAI_Machete_2022.03.31-00.33.05.csv,-685,-404
TimeMode_RLAI_Machete_2022.03.31-02.15.27.csv,-599,-350
TimeMode_RLAI_Machete_2022.03.31-02.15.27.csv,-701,-334
TimeMode_RLAI_Machete_2022.03.31-02.15.27.csv,-695,-282
TimeMode_RLAI_Machete_2022.03.30-23.00.02.csv,-755,-290
TimeMode_RLAI_Machete_2022.03.30-23.00.02.csv,-898,-410
TimeMode_RLAI_Machete_2022.03.30-23.00.02.csv,-807,-382
TimeMode_RLAI_Machete_2022.03.31-03.09.48.csv,-832,-306
TimeMode_RLAI_Machete_2022.03.31-03.09.48.csv,-660,-393
TimeMode_RLAI_Machete_2022.03.31-03.09.48.csv,-591,-308
TimeMode_RLAI_Machete_2022.03.31-04.03.02.csv,-670,-318
TimeMode_RLAI_Machete_2022.03.31-04.03.02.csv,-774,-371
TimeMode_RLAI_Machete_2022.03.31-04.03.02.csv,-596,-250
TimeMode_RLAI_Machete_2022.03.31-02.34.38.csv,-752,-464
TimeMode_RLAI_Machete_2022.03.31-02.34.38.csv,-856,-439
TimeMode_RLAI_Machete_2022.03.31-02.34.38.csv,-590,-507
TimeMode_RLAI_Machete_2022.03.31-01.00.50.csv,-690,-381
TimeMode_RLAI_Machete_2022.03.31-01.00.50.csv,-760,-277
TimeMode_RLAI_Machete_2022.03.31-01.00.50.csv,-811,-673
TimeMode_RLAI_Machete_2022.03.31-05.12.03.csv,-739,-367
TimeMode_RLAI_Machete_2022.03.31-05.12.03.csv,-573,-259
TimeMode_RLAI_Machete_2022.03.31-05.12.03.csv,-885,-424
TimeMode_RLAI_Machete_2022.03.31-04.24.59.csv,-822,-509
TimeMode_RLAI_Machete_2022.03.31-04.24.59.csv,-705,-339
TimeMode_RLAI_Machete_2022.03.31-04.24.59.csv,-596,-372
TimeMode_RLAI_Machete_2022.03.31-01.04.38.csv,-824,-402
TimeMode_RLAI_Machete_2022.03.31-01.04.38.csv,-786,-237
TimeMode_RLAI_Machete_2022.03.31-01.04.38.csv,-718,-439
TimeMode_RLAI_Machete_2022.03.31-05.08.54.csv,-784,-515
TimeMode_RLAI_Machete_2022.03.31-05.08.54.csv,-683,-328
TimeMode_RLAI_Machete_2022.03.31-05.08.54.csv,-658,-245
TimeMode_RLAI_Machete_2022.03.31-03.50.29.csv,-777,-412
TimeMode_RLAI_Machete_2022.03.31-03.50.29.csv,-534,-498
TimeMode_RLAI_Machete_2022.03.31-03.50.29.csv,-540,-477
TimeMode_RLAI_Machete_2022.03.31-01.53.02.csv,-689,-499
TimeMode_RLAI_Machete_2022.03.31-01.53.02.csv,-641,-282
TimeMode_RLAI_Machete_2022.03.31-01.53.02.csv,-648,-345
TimeMode_RLAI_Machete_2022.03.31-02.37.50.csv,-673,-389
TimeMode_RLAI_Machete_2022.03.31-02.37.50.csv,-615,-491
TimeMode_RLAI_Machete_2022.03.31-02.37.50.csv,-846,-424
TimeMode_RLAI_Machete_2022.03.31-04.56.20.csv,-877,-342
TimeMode_RLAI_Machete_2022.03.31-04.56.20.csv,-861,-358
TimeMode_RLAI_Machete_2022.03.31-04.56.20.csv,-545,-437
TimeMode_RLAI_Machete_2022.03.31-02.18.39.csv,-740,-359
TimeMode_RLAI_Machete_2022.03.31-02.18.39.csv,-583,-346
TimeMode_RLAI_Machete_2022.03.31-02.18.39.csv,-683,-492
TimeMode_RLAI_Machete_2022.03.31-02.44.13.csv,-587,-437
TimeMode_RLAI_Machete_2022.03.31-02.44.13.csv,-759,-577
TimeMode_RLAI_Machete_2022.03.31-02.44.13.csv,-758,-326
TimeMode_RLAI_Machete_2022.03.31-03.25.26.csv,-745,-394
TimeMode_RLAI_Machete_2022.03.31-03.25.26.csv,-803,-382
TimeMode_RLAI_Machete_2022.03.31-03.25.26.csv,-740,-407
TimeMode_RLAI_Machete_2022.03.31-01.30.42.csv,-490,-316
TimeMode_RLAI_Machete_2022.03.31-01.30.42.csv,-583,-294
TimeMode_RLAI_Machete_2022.03.31-01.30.42.csv,-748,-456
TimeMode_RLAI_Machete_2022.03.31-04.43.48.csv,-628,-384
TimeMode_RLAI_Machete_2022.03.31-04.43.48.csv,-605,-332
TimeMode_RLAI_Machete_2022.03.31-04.43.48.csv,-511,-510
TimeMode_RLAI_Machete_2022.03.31-00.48.53.csv,-795,-275
TimeMode_RLAI_Machete_2022.03.31-00.48.53.csv,-745,-245
TimeMode_RLAI_Machete_2022.03.31-00.48.53.csv,-807,-315
TimeMode_RLAI_Machete_2022.03.31-02.09.01.csv,-752,-296
TimeMode_RLAI_Machete_2022.03.31-02.09.01.csv,-1041,-194
TimeMode_RLAI_Machete_2022.03.31-02.09.01.csv,-684,-439
TimeMode_RLAI_Machete_2022.03.31-00.36.56.csv,-679,-401
TimeMode_RLAI_Machete_2022.03.31-00.36.56.csv,-913,-311
TimeMode_RLAI_Machete_2022.03.31-00.36.56.csv,-964,-315
TimeMode_RLAI_Machete_2022.03.31-00.00.13.csv,-597,-367
TimeMode_RLAI_Machete_2022.03.31-00.00.13.csv,-528,-252
TimeMode_RLAI_Machete_2022.03.31-00.00.13.csv,-735,-304
TimeMode_RLAI_Machete_2022.03.31-01.21.15.csv,-719,-299
TimeMode_RLAI_Machete_2022.03.31-01.21.15.csv,-610,-351
TimeMode_RLAI_Machete_2022.03.31-01.21.15.csv,-476,-253
TimeMode_RLAI_Machete_2022.03.31-01.40.16.csv,-717,-439
TimeMode_RLAI_Machete_2022.03.31-01.40.16.csv,-603,-424
TimeMode_RLAI_Machete_2022.03.31-01.40.16.csv,-765,-255
TimeMode_RLAI_Machete_2022.03.31-03.28.34.csv,-857,-284
TimeMode_RLAI_Machete_2022.03.31-03.28.34.csv,-751,-476
TimeMode_RLAI_Machete_2022.03.31-03.28.34.csv,-662,-347
TimeMode_RLAI_Machete_2022.03.31-04.28.07.csv,-645,-474
TimeMode_RLAI_Machete_2022.03.31-04.28.07.csv,-696,-419
TimeMode_RLAI_Machete_2022.03.31-04.28.07.csv,-591,-334
TimeMode_RLAI_Machete_2022.03.31-00.56.56.csv,-570,-249
TimeMode_RLAI_Machete_2022.03.31-00.56.56.csv,-512,-410
TimeMode_RLAI_Machete_2022.03.31-00.56.56.csv,-848,-235
TimeMode_RLAI_Machete_2022.03.31-02.47.24.csv,-746,-346
TimeMode_RLAI_Machete_2022.03.31-02.47.24.csv,-744,-400
TimeMode_RLAI_Machete_2022.03.31-02.47.24.csv,-802,-307
TimeMode_RLAI_Machete_2022.03.31-05.18.20.csv,-473,-255
TimeMode_RLAI_Machete_2022.03.31-05.18.20.csv,-789,-302
TimeMode_RLAI_Machete_2022.03.31-05.18.20.csv,-720,-264
TimeMode_RLAI_Machete_2022.03.31-01.46.38.csv,-593,-476
TimeMode_RLAI_Machete_2022.03.31-01.46.38.csv,-700,-518
TimeMode_RLAI_Machete_2022.03.31-01.46.38.csv,-733,-478
TimeMode_RLAI_Machete_2022.03.31-01.33.51.csv,-720,-271
TimeMode_RLAI_Machete_2022.03.31-01.33.51.csv,-802,-340
TimeMode_RLAI_Machete_2022.03.31-01.33.51.csv,-745,-339
TimeMode_RLAI_Machete_2022.03.31-04.50.04.csv,-675,-534
TimeMode_RLAI_Machete_2022.03.31-04.50.04.csv,-585,-329
TimeMode_RLAI_Machete_2022.03.31-04.50.04.csv,-687,-410
TimeMode_RLAI_Machete_2022.03.31-04.59.28.csv,-525,-420
TimeMode_RLAI_Machete_2022.03.31-04.59.28.csv,-652,-647
TimeMode_RLAI_Machete_2022.03.31-04.59.28.csv,-455,-473
TimeMode_RLAI_Machete_2022.03.31-03.06.40.csv,-735,-282
TimeMode_RLAI_Machete_2022.03.31-03.06.40.csv,-621,-484
TimeMode_RLAI_Machete_2022.03.31-03.06.40.csv,-862,-342
TimeMode_RLAI_Machete_2022.03.31-01.14.39.csv,-605,-332
TimeMode_RLAI_Machete_2022.03.31-01.14.39.csv,-706,-360
TimeMode_RLAI_Machete_2022.03.31-01.14.39.csv,-866,-504
TimeMode_RLAI_Machete_2022.03.31-00.52.55.csv,-638,-359
TimeMode_RLAI_Machete_2022.03.31-00.52.55.csv,-708,-334
TimeMode_RLAI_Machete_2022.03.31-00.52.55.csv,-675,-371
TimeMode_RLAI_Machete_2022.03.31-02.02.37.csv,-642,-447
TimeMode_RLAI_Machete_2022.03.31-02.02.37.csv,-747,-337
TimeMode_RLAI_Machete_2022.03.31-02.02.37.csv,-658,-328
TimeMode_RLAI_Machete_2022.03.31-02.31.27.csv,-761,-263
TimeMode_RLAI_Machete_2022.03.31-02.31.27.csv,-836,-349
TimeMode_RLAI_Machete_2022.03.31-02.31.27.csv,-880,-456
TimeMode_RLAI_Machete_2022.03.31-03.53.37.csv,-818,-359
TimeMode_RLAI_Machete_2022.03.31-03.53.37.csv,-681,-363
TimeMode_RLAI_Machete_2022.03.31-03.53.37.csv,-590,-477
TimeMode_RLAI_Machete_2022.03.31-01.49.51.csv,-611,-369
TimeMode_RLAI_Machete_2022.03.31-01.49.51.csv,-731,-489
TimeMode_RLAI_Machete_2022.03.31-01.49.51.csv,-859,-267
TimeMode_RLAI_Machete_2022.03.31-01.43.27.csv,-678,-317
TimeMode_RLAI_Machete_2022.03.31-01.43.27.csv,-622,-525
TimeMode_RLAI_Machete_2022.03.31-01.43.27.csv,-525,-378
TimeMode_RLAI_Machete_2022.03.31-03.59.52.csv,-705,-199
TimeMode_RLAI_Machete_2022.03.31-03.59.52.csv,-740,-344
TimeMode_RLAI_Machete_2022.03.31-03.59.52.csv,-610,-503
TimeMode_RLAI_Machete_2022.03.31-00.44.50.csv,-690,-385
TimeMode_RLAI_Machete_2022.03.31-00.44.50.csv,-719,-505
TimeMode_RLAI_Machete_2022.03.31-00.44.50.csv,-680,-291
TimeMode_RLAI_Machete_2022.03.31-04.18.43.csv,-748,-332
TimeMode_RLAI_Machete_2022.03.31-04.18.43.csv,-659,-248
TimeMode_RLAI_Machete_2022.03.31-04.18.43.csv,-830,-487
TimeMode_RLAI_Machete_2022.03.31-04.37.33.csv,-735,-314
TimeMode_RLAI_Machete_2022.03.31-04.37.33.csv,-749,-636
TimeMode_RLAI_Machete_2022.03.31-04.37.33.csv,-633,-627
TimeMode_RLAI_Machete_2022.03.31-03.34.51.csv,-518,-386
TimeMode_RLAI_Machete_2022.03.31-03.34.51.csv,-747,-304
TimeMode_RLAI_Machete_2022.03.31-03.34.51.csv,-690,-251
TimeMode_RLAI_Machete_2022.03.30-23.52.09.csv,-565,-340
TimeMode_RLAI_Machete_2022.03.30-23.52.09.csv,-804,-449
TimeMode_RLAI_Machete_2022.03.30-23.52.09.csv,-670,-413
TimeMode_RLAI_Machete_2022.03.30-23.44.09.csv,-957,-272
TimeMode_RLAI_Machete_2022.03.30-23.44.09.csv,-775,-287
TimeMode_RLAI_Machete_2022.03.30-23.44.09.csv,-729,-429
TimeMode_RLAI_Machete_2022.03.31-01.24.24.csv,-954,-247
TimeMode_RLAI_Machete_2022.03.31-01.24.24.csv,-588,-428
TimeMode_RLAI_Machete_2022.03.31-01.24.24.csv,-642,-367
TimeMode_RLAI_Machete_2022.03.31-04.21.51.csv,-846,-407
TimeMode_RLAI_Machete_2022.03.31-04.21.51.csv,-557,-412
TimeMode_RLAI_Machete_2022.03.31-04.21.51.csv,-596,-472
TimeMode_RLAI_Machete_2022.03.30-23.40.17.csv,-748,-394
TimeMode_RLAI_Machete_2022.03.30-23.40.17.csv,-693,-392
TimeMode_RLAI_Machete_2022.03.30-23.40.17.csv,-745,-450
TimeMode_RLAI_Machete_2022.03.31-03.47.21.csv,-406,-370
TimeMode_RLAI_Machete_2022.03.31-03.47.21.csv,-707,-474
TimeMode_RLAI_Machete_2022.03.31-03.47.21.csv,-530,-453
TimeMode_RLAI_Machete_2022.03.31-01.56.12.csv,-564,-387
TimeMode_RLAI_Machete_2022.03.31-01.56.12.csv,-673,-332
TimeMode_RLAI_Machete_2022.03.31-01.56.12.csv,-698,-281
TimeMode_RLAI_Machete_2022.03.31-03.56.45.csv,-858,-472
TimeMode_RLAI_Machete_2022.03.31-03.56.45.csv,-696,-418
TimeMode_RLAI_Machete_2022.03.31-03.56.45.csv,-648,-409
TimeMode_RLAI_Machete_2022.03.31-04.40.41.csv,-518,-375
TimeMode_RLAI_Machete_2022.03.31-04.40.41.csv,-624,-304
TimeMode_RLAI_Machete_2022.03.31-04.40.41.csv,-741,-238
TimeMode_RLAI_Machete_2022.03.31-03.12.55.csv,-768,-265
TimeMode_RLAI_Machete_2022.03.31-03.12.55.csv,-649,-372
TimeMode_RLAI_Machete_2022.03.31-03.12.55.csv,-600,-305
TimeMode_RLAI_Machete_2022.03.31-05.02.38.csv,-694,-518
TimeMode_RLAI_Machete_2022.03.31-05.02.38.csv,-833,-306
TimeMode_RLAI_Machete_2022.03.31-05.02.38.csv,-735,-370
TimeMode_RLAI_MctsAi_2022.03.31-00.40.43.csv,-186,-332
TimeMode_RLAI_MctsAi_2022.03.31-00.40.43.csv,-182,-292
TimeMode_RLAI_MctsAi_2022.03.31-00.40.43.csv,-176,-268
TimeMode_RLAI_Machete_2022.03.31-03.31.43.csv,-540,-467
TimeMode_RLAI_Machete_2022.03.31-03.31.43.csv,-504,-438
TimeMode_RLAI_Machete_2022.03.31-03.31.43.csv,-699,-313
TimeMode_RLAI_Machete_2022.03.31-01.37.02.csv,-838,-349
TimeMode_RLAI_Machete_2022.03.31-01.37.02.csv,-518,-315
TimeMode_RLAI_Machete_2022.03.31-01.37.02.csv,-934,-348
TimeMode_RLAI_Machete_2022.03.31-02.53.51.csv,-670,-444
TimeMode_RLAI_Machete_2022.03.31-02.53.51.csv,-738,-227
TimeMode_RLAI_Machete_2022.03.31-02.53.51.csv,-671,-366
